{
    "batch_size": 128,
    "best_eval_metric_checkpoint_number": 2,
    "best_eval_metric_epoch": 1,
    "best_eval_metric_steps": 110,
    "best_eval_metric_value": 0.7464590072631836,
    "best_eval_test_metrics": {
        "churn": {
            "accuracy": 0.810094952583313,
            "loss": 0.4357110559940338,
            "precision": 0.6097561120986938,
            "recall": 0.18427518010139465,
            "roc_auc": 0.7517063021659851,
            "specificity": 0.9698870778083801
        },
        "combined": {
            "loss": 0.4357110559940338
        }
    },
    "best_eval_train_metrics": {
        "churn": {
            "accuracy": 0.7996856570243835,
            "loss": 0.48021385073661804,
            "precision": 0.528436005115509,
            "recall": 0.1563814878463745,
            "roc_auc": 0.6796523928642273,
            "specificity": 0.9642921090126038
        },
        "combined": {
            "loss": 0.48021385073661804
        }
    },
    "best_eval_validation_metrics": {
        "churn": {
            "accuracy": 0.8140000104904175,
            "loss": 0.44190120697021484,
            "precision": 0.625,
            "recall": 0.22058823704719543,
            "roc_auc": 0.7464590072631836,
            "specificity": 0.9660804271697998
        },
        "combined": {
            "loss": 0.44190120697021484
        }
    },
    "best_increase_batch_size_eval_metric": Infinity,
    "checkpoint_number": 2,
    "epoch": 2,
    "last_improvement_steps": 0,
    "last_increase_batch_size": 0,
    "last_increase_batch_size_eval_metric_improvement": 0,
    "last_increase_batch_size_steps": 0,
    "last_learning_rate_reduction": 0,
    "last_learning_rate_reduction_steps": 0,
    "learning_rate": 0.00016401434683768615,
    "num_increases_batch_size": 0,
    "num_reductions_learning_rate": 0,
    "steps": 110,
    "test_metrics": {
        "churn": {
            "accuracy": [
                [
                    0,
                    55,
                    0.7971014380455017
                ],
                [
                    1,
                    110,
                    0.810094952583313
                ]
            ],
            "loss": [
                [
                    0,
                    55,
                    0.47633543610572815
                ],
                [
                    1,
                    110,
                    0.4357110559940338
                ]
            ],
            "precision": [
                [
                    0,
                    55,
                    0.5060241222381592
                ],
                [
                    1,
                    110,
                    0.6097561120986938
                ]
            ],
            "recall": [
                [
                    0,
                    55,
                    0.10319410264492035
                ],
                [
                    1,
                    110,
                    0.18427518010139465
                ]
            ],
            "roc_auc": [
                [
                    0,
                    55,
                    0.6766952872276306
                ],
                [
                    1,
                    110,
                    0.7517063021659851
                ]
            ],
            "specificity": [
                [
                    0,
                    55,
                    0.9742785692214966
                ],
                [
                    1,
                    110,
                    0.9698870778083801
                ]
            ]
        },
        "combined": {
            "loss": [
                [
                    0,
                    55,
                    0.47633543610572815
                ],
                [
                    1,
                    110,
                    0.4357110559940338
                ]
            ]
        }
    },
    "train_metrics": {
        "churn": {
            "accuracy": [
                [
                    0,
                    55,
                    0.7705386281013489
                ],
                [
                    1,
                    110,
                    0.7996856570243835
                ]
            ],
            "loss": [
                [
                    0,
                    55,
                    0.5684024095535278
                ],
                [
                    1,
                    110,
                    0.48021385073661804
                ]
            ],
            "precision": [
                [
                    0,
                    55,
                    0.2750000059604645
                ],
                [
                    1,
                    110,
                    0.528436005115509
                ]
            ],
            "recall": [
                [
                    0,
                    55,
                    0.07713884860277176
                ],
                [
                    1,
                    110,
                    0.1563814878463745
                ]
            ],
            "roc_auc": [
                [
                    0,
                    55,
                    0.5234763622283936
                ],
                [
                    1,
                    110,
                    0.6796523928642273
                ]
            ],
            "specificity": [
                [
                    0,
                    55,
                    0.9479634165763855
                ],
                [
                    1,
                    110,
                    0.9642921090126038
                ]
            ]
        },
        "combined": {
            "loss": [
                [
                    0,
                    55,
                    0.5684024095535278
                ],
                [
                    1,
                    110,
                    0.48021385073661804
                ]
            ]
        }
    },
    "tune_checkpoint_num": 2,
    "validation_metrics": {
        "churn": {
            "accuracy": [
                [
                    0,
                    55,
                    0.8119999766349792
                ],
                [
                    1,
                    110,
                    0.8140000104904175
                ]
            ],
            "loss": [
                [
                    0,
                    55,
                    0.4717603921890259
                ],
                [
                    1,
                    110,
                    0.44190120697021484
                ]
            ],
            "precision": [
                [
                    0,
                    55,
                    0.6538461446762085
                ],
                [
                    1,
                    110,
                    0.625
                ]
            ],
            "recall": [
                [
                    0,
                    55,
                    0.1666666716337204
                ],
                [
                    1,
                    110,
                    0.22058823704719543
                ]
            ],
            "roc_auc": [
                [
                    0,
                    55,
                    0.6738101243972778
                ],
                [
                    1,
                    110,
                    0.7464590072631836
                ]
            ],
            "specificity": [
                [
                    0,
                    55,
                    0.9773869514465332
                ],
                [
                    1,
                    110,
                    0.9660804271697998
                ]
            ]
        },