{
    "batch_size": 128,
    "best_eval_metric_checkpoint_number": 3,
    "best_eval_metric_epoch": 2,
    "best_eval_metric_steps": 165,
    "best_eval_metric_value": 0.7700142860412598,
    "best_eval_test_metrics": {
        "churn": {
            "accuracy": 0.8155922293663025,
            "loss": 0.4312722384929657,
            "precision": 0.5848214030265808,
            "recall": 0.32186731696128845,
            "roc_auc": 0.7682517766952515,
            "specificity": 0.941656231880188
        },
        "combined": {
            "loss": 0.4312722384929657
        }
    },
    "best_eval_train_metrics": {
        "churn": {
            "accuracy": 0.8119731545448303,
            "loss": 0.45355865359306335,
            "precision": 0.6206140518188477,
            "recall": 0.19845722615718842,
            "roc_auc": 0.7218504548072815,
            "specificity": 0.9689574837684631
        },
        "combined": {
            "loss": 0.45355865359306335
        }
    },
    "best_eval_validation_metrics": {
        "churn": {
            "accuracy": 0.8130000233650208,
            "loss": 0.4368784725666046,
            "precision": 0.573913037776947,
            "recall": 0.3235294222831726,
            "roc_auc": 0.7700142860412598,
            "specificity": 0.9384422302246094
        },
        "combined": {
            "loss": 0.4368784725666046
        }
    },
    "best_increase_batch_size_eval_metric": Infinity,
    "checkpoint_number": 3,
    "epoch": 3,
    "last_improvement_steps": 0,
    "last_increase_batch_size": 0,
    "last_increase_batch_size_eval_metric_improvement": 0,
    "last_increase_batch_size_steps": 0,
    "last_learning_rate_reduction": 0,
    "last_learning_rate_reduction_steps": 0,
    "learning_rate": 0.00016309154066372923,
    "num_increases_batch_size": 0,
    "num_reductions_learning_rate": 0,
    "steps": 165,
    "test_metrics": {
        "churn": {
            "accuracy": [
                [
                    0,
                    55,
                    0.7971014380455017
                ],
                [
                    1,
                    110,
                    0.810094952583313
                ],
                [
                    2,
                    165,
                    0.8155922293663025
                ]
            ],
            "loss": [
                [
                    0,
                    55,
                    0.47633543610572815
                ],
                [
                    1,
                    110,
                    0.4357110559940338
                ],
                [
                    2,
                    165,
                    0.4312722384929657
                ]
            ],
            "precision": [
                [
                    0,
                    55,
                    0.5060241222381592
                ],
                [
                    1,
                    110,
                    0.6097561120986938
                ],
                [
                    2,
                    165,
                    0.5848214030265808
                ]
            ],
            "recall": [
                [
                    0,
                    55,
                    0.10319410264492035
                ],
                [
                    1,
                    110,
                    0.18427518010139465
                ],
                [
                    2,
                    165,
                    0.32186731696128845
                ]
            ],
            "roc_auc": [
                [
                    0,
                    55,
                    0.6766952872276306
                ],
                [
                    1,
                    110,
                    0.7517063021659851
                ],
                [
                    2,
                    165,
                    0.7682517766952515
                ]
            ],
            "specificity": [
                [
                    0,
                    55,
                    0.9742785692214966
                ],
                [
                    1,
                    110,
                    0.9698870778083801
                ],
                [
                    2,
                    165,
                    0.941656231880188
                ]
            ]
        },
        "combined": {
            "loss": [
                [
                    0,
                    55,
                    0.47633543610572815
                ],
                [
                    1,
                    110,
                    0.4357110559940338
                ],
                [
                    2,
                    165,
                    0.4312722384929657
                ]
            ]
        }
    },
    "train_metrics": {
        "churn": {
            "accuracy": [
                [
                    0,
                    55,
                    0.7705386281013489
                ],
                [
                    1,
                    110,
                    0.7996856570243835
                ],
                [
                    2,
                    165,
                    0.8119731545448303
                ]
            ],
            "loss": [
                [
                    0,
                    55,
                    0.5684024095535278
                ],
                [
                    1,
                    110,
                    0.48021385073661804
                ],
                [
                    2,
                    165,
                    0.45355865359306335
                ]
            ],
            "precision": [
                [
                    0,
                    55,
                    0.2750000059604645
                ],
                [
                    1,
                    110,
                    0.528436005115509
                ],
                [
                    2,
                    165,
                    0.6206140518188477
                ]
            ],
            "recall": [
                [
                    0,
                    55,
                    0.07713884860277176
                ],
                [
                    1,
                    110,
                    0.1563814878463745
                ],
                [
                    2,
                    165,
                    0.19845722615718842
                ]
            ],
            "roc_auc": [
                [
                    0,
                    55,
                    0.5234763622283936
                ],
                [
                    1,
                    110,
                    0.6796523928642273
                ],
                [
                    2,
                    165,
                    0.7218504548072815
                ]
            ],
            "specificity": [
                [
                    0,
                    55,
                    0.9479634165763855
                ],
                [
                    1,
                    110,
                    0.9642921090126038
                ],
                [
                    2,
                    165,
                    0.9689574837684631
                ]
            ]
        },
        "combined": {
            "loss": [
                [
                    0,
                    55,
                    0.5684024095535278
                ],
                [
                    1,
                    110,
                    0.48021385073661804
                ],
                [
                    2,
                    165,
                    0.45355865359306335
                ]
            ]
        }
    },
    "tune_checkpoint_num": 3,